name,email
there,gtriangledds@gmail.com
there,landmark.dentist@gmail.com
there,gramercydentalnyc@gmail.com
there,gvkidsdental@gmail.com
there,pdmullicahill@gmail.com
there,care.dentalembassy@gmail.com
there,jorgeferreiradmd@gmail.com
there,neishdentistry@gmail.com
there,pdco1600@gmail.com
there,info.jonesdentalcare@gmail.com
there,EndresDentalCare@gmail.com
there,palmettodental83@gmail.com
there,skfamilydentaltx@gmail.com
there,covingtonpikedentalclinic@gmail.com
there,dredyaguerradds@gmail.com
there,principalgdch1959@gmail.com
there,DentalBarnes@gmail.com
there,pankajendo@gmail.com
there,clinicsroyaldental@gmail.com
there,mymagnoliadental@gmail.com
there,dentalbrickell@gmail.com
there,drannabellecuyong@gmail.com
there,southlanddentalsurgery@gmail.com
there,chimneyhillsdental@gmail.com
there,monagokanidds@gmail.com
there,chesterfield48047@gmail.com
there,PicoLADental@gmail.com
there,riverdaledentistry@gmail.com
there,r.paolino7@gmail.com
there,FrontDeskCRP@gmail.com
there,horizondental203@gmail.com
there,campfirepd@gmail.com
there,fairfaxdentistry@gmail.com
there,ratchforddds@gmail.com
there,peoriadentalcare@gmail.com
there,hardanoffice@gmail.com
there,newhorizonsfamilydental@gmail.com
there,dreneidamalindi@gmail.com
there,marketweightondental@gmail.com
there,jeffzentdds@gmail.com
there,detaileddentalcare@gmail.com
there,castleburydental@gmail.com
there,mgr.dr.szurgot@gmail.com
there,eastsideperio@gmail.com
there,girish.dongarwar@gmail.com
there,maitlandfamilydental@gmail.com
there,elmassiandental@gmail.com
there,manager.deerfielddental@gmail.com
there,ndch1234@gmail.com
there,weapediatricdentistry@gmail.com
there,monalisadentalnj@gmail.com
there,altmoredental@gmail.com
there,toothberrykids@gmail.com
there,kewdentalcare@gmail.com
there,lodsofsmilesfd@gmail.com
there,gleamdentalstudio@gmail.com
there,drnelliemolnar@gmail.com
there,drrosen2186@gmail.com
there,Texasgotsmile@gmail.com
there,MunagalaDental@gmail.com
there,MaitlandSmile@gmail.com
there,omiddentaloffice@gmail.com
there,paciadental@gmail.com
there,dentalcarewc@gmail.com
there,drbharatkatarmal@gmail.com
there,okudacosmeticdentistry@gmail.com
there,drsoleimanidds@gmail.com
there,bjlarsonteam@gmail.com
there,thecandidsmyles@gmail.com
there,dr.choudhary.manisha@gmail.com
there,BothellSmiles@gmail.com
there,perkins1909@gmail.com
there,merrydentistry@gmail.com
there,jparkdds57@gmail.com
there,mybellgardensdentist@gmail.com
there,claudesididmd@gmail.com
there,jldds3640@gmail.com
there,gohargrigoriandentist@gmail.com
there,office1.asdc@gmail.com
there,drtimothyraborn@gmail.com
there,waterforddental@gmail.com
there,myezdentist@gmail.com
there,rmsoferdds@gmail.com
there,modernsmiled@gmail.com
there,waylanddental@gmail.com
there,drtominfo@gmail.com
there,katzfamilydentistry@gmail.com
there,lajolladentalc210@gmail.com
there,laythdds@gmail.com
there,PALOLADENTAL@GMAIL.COM
there,kissingcamelsdentistry@gmail.com
there,contact.reniskapshtica@gmail.com
there,dreddiepediatricdentistry@gmail.com
there,BenYountOffice@gmail.com
there,brismandental@gmail.com
there,meridenfamilydental@gmail.com
there,caringdentists@gmail.com
there,mindfuldental@gmail.com
there,kingsbeachdentaloffice@gmail.com
there,brazildentalcenter@gmail.com
there,dentistsofstuart@gmail.com
there,dr.heidizuckerman@gmail.com
there,hahdental@gmail.com
there,central.dental.mpls@gmail.com
there,shamlianfamilydental@gmail.com
there,poojahegdedds@gmail.com
there,cheryl12bridgesdental@gmail.com
there,huntingtondent@gmail.com
there,dentalartsny@gmail.com
there,dentaleast60@gmail.com
there,konecnydental@gmail.com
there,ogliviedentalcentre@gmail.com
there,melnykdentistry@gmail.com
there,gussandrahimi@gmail.com
there,hinghamdentistry@gmail.com
there,ormedentistry@gmail.com
there,MarkGladnick@gmail.com
there,SantoTomasDG@gmail.com
there,clairedds@gmail.com
there,drjsdentalclinic@gmail.com
there,presidiodentist@gmail.com
there,usmiledentalcare1@gmail.com
there,peer2peerinfo@gmail.com
there,tothfamilydental1@gmail.com
there,absolutedentalcanmore@gmail.com
there,levinfamilydentistry@gmail.com
there,crystallakepediatricdental@gmail.com
there,elitedentalclinic@gmail.com
there,frazermanagement1@gmail.com
there,auteeth1@gmail.com
there,metrodentalreception@gmail.com
there,UltraSharpLLC@gmail.com
there,NovatoKidsDentistry@gmail.com
there,kelly1templer@gmail.com
there,complaint.info@financial-ombudsman.org
there,Touchofpaintsm@gmail.com
there,lincolnintegritydental@gmail.com
there,loethomas@gmail.com
there,gshoevo@gmail.com
there,infotrounoir@gmail.com
there,lakesideaffordabledarkroom@gmail.com
there,inroomsinfo@gmail.com
there,gallery321@gmail.com
there,Mirroredimagepb@gmail.com
there,spacegallery254@gmail.com
there,mybuddiesplacellc@gmail.com
there,everythingoldcanada@gmail.com
there,millburnasap@gmail.com
there,MATTYOUNGDP@GMAIL.COM
there,lightitup.gta@gmail.com
there,updatedhome987@gmail.com
there,info.jkcomplus@gmail.com
there,eventsplusjamaica@gmail.com
there,Thatglasseyfinish@gmail.com
there,-praajak.saurav@gmail.com
there,email@chemtechnologiesltd.com
there,gwsdod@btinternet.com
there,dartsolanoswim@gmail.com
there,dartwildrescue@gmail.com
there,Theartsanddarts@gmail.com
there,dartmovingservices@gmail.com
there,s13132020@gmail.com
there,ginsburg@email.chop.edu
there,dartsnager@gmail.com
there,presdartsqld@gmail.com
there,dqvicepres@gmail.com
there,secdartsqld@gmail.com
there,dartsvictoriasecretary@gmail.com
there,darttheater@gmail.com
there,icdarts@gmail.com
there,thedartpub@gmail.com
there,jwt.dart@gmail.com
there,sales@dart-sensors.com
there,support@darts-gc.com
there,darts.furniture@gmail.com
there,vancouverdart@gmail.com
there,duboistrails@gmail.com
there,CECDARTSWebmaster@gmail.com
