subject
"Build a professional website, mobile app, and rank higher on search engines"
"Get a high-quality website, mobile app, and SEO to grow your business"
"Complete digital solutions with website development, app creation, and SEO"
"Improve your online presence with expert web, mobile, and SEO services"
Create a powerful website and mobile app with SEO for maximum reach
"We design websites, develop mobile apps, and optimize for search engines"
"Grow your business with website development, mobile apps, and SEO strategies"
"Get a custom website, a mobile app, and SEO support for better visibility"
"Elevate your brand with a responsive website, mobile app, and strong SEO"
"From websites to mobile apps, we provide complete digital solutions with SEO"
"A modern website, a functional app, and SEO can take your business to the next level"
"Transform your online presence with website, app development, and SEO services"
"We help businesses succeed with professional web design, app development, and SEO"
"Get a fast, user-friendly website, a feature-rich mobile app, and SEO to rank higher"
"Build a website, launch an app, and improve search rankings with expert services"
Website and mobile app development with SEO strategies to drive more traffic
"All-in-one digital services: Website development, mobile apps, and SEO optimization"
"Start your online journey with a stunning website, a mobile app, and strong SEO"
"Enhance your digital presence with website development, mobile apps, and SEO"
"Custom website, mobile app, and SEO services tailored for your business growth"
